radius_2,radius_3,metric_name,mol_prop,split_type,nbit,p_value,stats_method
Radius: 2,Radius: 3,RMSE,MDR1,scaffold,NumBits: 1024,0.004138523487690776,ttest_rel
Radius: 2,Radius: 3,RMSE,MDR1,scaffold,NumBits: 1024,0.0056671726914977955,wilcoxon
Radius: 2,Radius: 3,RMSE,MDR1,scaffold,NumBits: 1024,0.3719380817678267,ttest_ind
Radius: 2,Radius: 3,RMSE,MDR1,scaffold,NumBits: 1024,0.2611758246072803,ranksums
Radius: 2,Radius: 3,R2,MDR1,scaffold,NumBits: 1024,0.012011346263840414,ttest_rel
Radius: 2,Radius: 3,R2,MDR1,scaffold,NumBits: 1024,0.01319416986541395,wilcoxon
Radius: 2,Radius: 3,R2,MDR1,scaffold,NumBits: 1024,0.5934381855567169,ttest_ind
Radius: 2,Radius: 3,R2,MDR1,scaffold,NumBits: 1024,0.6573804271100814,ranksums
Radius: 2,Radius: 3,Pearson_R,MDR1,scaffold,NumBits: 1024,0.024930811733333325,ttest_rel
Radius: 2,Radius: 3,Pearson_R,MDR1,scaffold,NumBits: 1024,0.024307541573260996,wilcoxon
Radius: 2,Radius: 3,Pearson_R,MDR1,scaffold,NumBits: 1024,0.6391167091290537,ttest_ind
Radius: 2,Radius: 3,Pearson_R,MDR1,scaffold,NumBits: 1024,0.7006856607005523,ranksums
Radius: 2,Radius: 3,MAE,MDR1,scaffold,NumBits: 1024,0.26894261509792444,ttest_rel
Radius: 2,Radius: 3,MAE,MDR1,scaffold,NumBits: 1024,0.34934556237492975,wilcoxon
Radius: 2,Radius: 3,MAE,MDR1,scaffold,NumBits: 1024,0.7391264447093377,ttest_ind
Radius: 2,Radius: 3,MAE,MDR1,scaffold,NumBits: 1024,0.6361406857702461,ranksums
Radius: 2,Radius: 3,RMSE,CYP2D6,scaffold,NumBits: 1024,0.01884474089862711,ttest_rel
Radius: 2,Radius: 3,RMSE,CYP2D6,scaffold,NumBits: 1024,0.02182672159602272,wilcoxon
Radius: 2,Radius: 3,RMSE,CYP2D6,scaffold,NumBits: 1024,0.7109019535190013,ttest_ind
Radius: 2,Radius: 3,RMSE,CYP2D6,scaffold,NumBits: 1024,0.6467245773434841,ranksums
Radius: 2,Radius: 3,R2,CYP2D6,scaffold,NumBits: 1024,0.021702561680829954,ttest_rel
Radius: 2,Radius: 3,R2,CYP2D6,scaffold,NumBits: 1024,0.024307541573260996,wilcoxon
Radius: 2,Radius: 3,R2,CYP2D6,scaffold,NumBits: 1024,0.46427940939701917,ttest_ind
Radius: 2,Radius: 3,R2,CYP2D6,scaffold,NumBits: 1024,0.3593342645393439,ranksums
Radius: 2,Radius: 3,Pearson_R,CYP2D6,scaffold,NumBits: 1024,0.06377828789488335,ttest_rel
Radius: 2,Radius: 3,Pearson_R,CYP2D6,scaffold,NumBits: 1024,0.06871363079688197,wilcoxon
Radius: 2,Radius: 3,Pearson_R,CYP2D6,scaffold,NumBits: 1024,0.591740624956712,ttest_ind
Radius: 2,Radius: 3,Pearson_R,CYP2D6,scaffold,NumBits: 1024,0.48713803171001935,ranksums
Radius: 2,Radius: 3,MAE,CYP2D6,scaffold,NumBits: 1024,0.04713273675359554,ttest_rel
Radius: 2,Radius: 3,MAE,CYP2D6,scaffold,NumBits: 1024,0.049498046027749744,wilcoxon
Radius: 2,Radius: 3,MAE,CYP2D6,scaffold,NumBits: 1024,0.6261104404194916,ttest_ind
Radius: 2,Radius: 3,MAE,CYP2D6,scaffold,NumBits: 1024,0.6361406857702461,ranksums
Radius: 2,Radius: 3,RMSE,CYP3A4,scaffold,NumBits: 1024,0.8073674307289617,ttest_rel
Radius: 2,Radius: 3,RMSE,CYP3A4,scaffold,NumBits: 1024,0.20588822305607402,wilcoxon
Radius: 2,Radius: 3,RMSE,CYP3A4,scaffold,NumBits: 1024,0.9607310680287527,ttest_ind
Radius: 2,Radius: 3,RMSE,CYP3A4,scaffold,NumBits: 1024,0.7787839689422886,ranksums
Radius: 2,Radius: 3,R2,CYP3A4,scaffold,NumBits: 1024,0.922046548639584,ttest_rel
Radius: 2,Radius: 3,R2,CYP3A4,scaffold,NumBits: 1024,0.2802144081140372,wilcoxon
Radius: 2,Radius: 3,R2,CYP3A4,scaffold,NumBits: 1024,0.978392973455283,ttest_ind
Radius: 2,Radius: 3,R2,CYP3A4,scaffold,NumBits: 1024,0.7116726254873127,ranksums
Radius: 2,Radius: 3,Pearson_R,CYP3A4,scaffold,NumBits: 1024,0.4324756409310393,ttest_rel
Radius: 2,Radius: 3,Pearson_R,CYP3A4,scaffold,NumBits: 1024,0.29894375201959067,wilcoxon
Radius: 2,Radius: 3,Pearson_R,CYP3A4,scaffold,NumBits: 1024,0.8748668784233502,ttest_ind
Radius: 2,Radius: 3,Pearson_R,CYP3A4,scaffold,NumBits: 1024,0.8130052876119973,ranksums
Radius: 2,Radius: 3,MAE,CYP3A4,scaffold,NumBits: 1024,0.028959767555845152,ttest_rel
Radius: 2,Radius: 3,MAE,CYP3A4,scaffold,NumBits: 1024,0.01565848334220057,wilcoxon
Radius: 2,Radius: 3,MAE,CYP3A4,scaffold,NumBits: 1024,0.7133987119758417,ttest_ind
Radius: 2,Radius: 3,MAE,CYP3A4,scaffold,NumBits: 1024,0.6151959787448548,ranksums
Radius: 2,Radius: 3,RMSE,MOR,scaffold,NumBits: 1024,0.00028157597665332186,ttest_rel
Radius: 2,Radius: 3,RMSE,MOR,scaffold,NumBits: 1024,0.000489690070533264,wilcoxon
Radius: 2,Radius: 3,RMSE,MOR,scaffold,NumBits: 1024,0.5821431315759373,ttest_ind
Radius: 2,Radius: 3,RMSE,MOR,scaffold,NumBits: 1024,0.49645154752910825,ranksums
Radius: 2,Radius: 3,R2,MOR,scaffold,NumBits: 1024,0.00024112105977292528,ttest_rel
Radius: 2,Radius: 3,R2,MOR,scaffold,NumBits: 1024,0.0005706436710454648,wilcoxon
Radius: 2,Radius: 3,R2,MOR,scaffold,NumBits: 1024,0.5555008962715939,ttest_ind
Radius: 2,Radius: 3,R2,MOR,scaffold,NumBits: 1024,0.5153597975802848,ranksums
Radius: 2,Radius: 3,Pearson_R,MOR,scaffold,NumBits: 1024,0.0003384365125137344,ttest_rel
Radius: 2,Radius: 3,Pearson_R,MOR,scaffold,NumBits: 1024,0.0011138009078172067,wilcoxon
Radius: 2,Radius: 3,Pearson_R,MOR,scaffold,NumBits: 1024,0.5414753977650644,ttest_ind
Radius: 2,Radius: 3,Pearson_R,MOR,scaffold,NumBits: 1024,0.564214705145786,ranksums
Radius: 2,Radius: 3,MAE,MOR,scaffold,NumBits: 1024,5.277260291469937e-06,ttest_rel
Radius: 2,Radius: 3,MAE,MOR,scaffold,NumBits: 1024,3.7242647279456434e-05,wilcoxon
Radius: 2,Radius: 3,MAE,MOR,scaffold,NumBits: 1024,0.40941831849085397,ttest_ind
Radius: 2,Radius: 3,MAE,MOR,scaffold,NumBits: 1024,0.39117045199768474,ranksums
Radius: 2,Radius: 3,RMSE,DOR,scaffold,NumBits: 1024,0.17859052868424002,ttest_rel
Radius: 2,Radius: 3,RMSE,DOR,scaffold,NumBits: 1024,0.1305916349444668,wilcoxon
Radius: 2,Radius: 3,RMSE,DOR,scaffold,NumBits: 1024,0.6830206694641338,ttest_ind
Radius: 2,Radius: 3,RMSE,DOR,scaffold,NumBits: 1024,0.5249522282756667,ranksums
Radius: 2,Radius: 3,R2,DOR,scaffold,NumBits: 1024,0.11475762833014391,ttest_rel
Radius: 2,Radius: 3,R2,DOR,scaffold,NumBits: 1024,0.1305916349444668,wilcoxon
Radius: 2,Radius: 3,R2,DOR,scaffold,NumBits: 1024,0.628687388832326,ttest_ind
Radius: 2,Radius: 3,R2,DOR,scaffold,NumBits: 1024,0.6467245773434841,ranksums
Radius: 2,Radius: 3,Pearson_R,DOR,scaffold,NumBits: 1024,0.1443613931340882,ttest_rel
Radius: 2,Radius: 3,Pearson_R,DOR,scaffold,NumBits: 1024,0.1305916349444668,wilcoxon
Radius: 2,Radius: 3,Pearson_R,DOR,scaffold,NumBits: 1024,0.660964149319007,ttest_ind
Radius: 2,Radius: 3,Pearson_R,DOR,scaffold,NumBits: 1024,0.6151959787448548,ranksums
Radius: 2,Radius: 3,MAE,DOR,scaffold,NumBits: 1024,0.6715980633669644,ttest_rel
Radius: 2,Radius: 3,MAE,DOR,scaffold,NumBits: 1024,0.8450804241615161,wilcoxon
Radius: 2,Radius: 3,MAE,DOR,scaffold,NumBits: 1024,0.9312631102610249,ttest_ind
Radius: 2,Radius: 3,MAE,DOR,scaffold,NumBits: 1024,0.8591839142744377,ranksums
Radius: 2,Radius: 3,RMSE,KOR,scaffold,NumBits: 1024,0.00017907942077540588,ttest_rel
Radius: 2,Radius: 3,RMSE,KOR,scaffold,NumBits: 1024,0.0002051529226187778,wilcoxon
Radius: 2,Radius: 3,RMSE,KOR,scaffold,NumBits: 1024,0.4356712340964265,ttest_ind
Radius: 2,Radius: 3,RMSE,KOR,scaffold,NumBits: 1024,0.2611758246072803,ranksums
Radius: 2,Radius: 3,R2,KOR,scaffold,NumBits: 1024,0.0002498122075135124,ttest_rel
Radius: 2,Radius: 3,R2,KOR,scaffold,NumBits: 1024,0.00022248266458074938,wilcoxon
Radius: 2,Radius: 3,R2,KOR,scaffold,NumBits: 1024,0.3997316845611706,ttest_ind
Radius: 2,Radius: 3,R2,KOR,scaffold,NumBits: 1024,0.39117045199768474,ranksums
Radius: 2,Radius: 3,Pearson_R,KOR,scaffold,NumBits: 1024,0.0007217306359512354,ttest_rel
Radius: 2,Radius: 3,Pearson_R,KOR,scaffold,NumBits: 1024,0.0006156406207014214,wilcoxon
Radius: 2,Radius: 3,Pearson_R,KOR,scaffold,NumBits: 1024,0.42792014958400926,ttest_ind
Radius: 2,Radius: 3,Pearson_R,KOR,scaffold,NumBits: 1024,0.4508458012735146,ranksums
Radius: 2,Radius: 3,MAE,KOR,scaffold,NumBits: 1024,1.3854400065663173e-08,ttest_rel
Radius: 2,Radius: 3,MAE,KOR,scaffold,NumBits: 1024,2.878599219394298e-06,wilcoxon
Radius: 2,Radius: 3,MAE,KOR,scaffold,NumBits: 1024,0.2149464172558446,ttest_ind
Radius: 2,Radius: 3,MAE,KOR,scaffold,NumBits: 1024,0.10707027092382157,ranksums
Radius: 2,Radius: 3,RMSE,MDR1,random,NumBits: 1024,0.9377684162144627,ttest_rel
Radius: 2,Radius: 3,RMSE,MDR1,random,NumBits: 1024,0.8612125197358381,wilcoxon
Radius: 2,Radius: 3,RMSE,MDR1,random,NumBits: 1024,0.9825115439469954,ttest_ind
Radius: 2,Radius: 3,RMSE,MDR1,random,NumBits: 1024,1.0,ranksums
Radius: 2,Radius: 3,R2,MDR1,random,NumBits: 1024,0.9325521614115102,ttest_rel
Radius: 2,Radius: 3,R2,MDR1,random,NumBits: 1024,0.9426105124576512,wilcoxon
Radius: 2,Radius: 3,R2,MDR1,random,NumBits: 1024,0.9835776807438319,ttest_ind
Radius: 2,Radius: 3,R2,MDR1,random,NumBits: 1024,1.0,ranksums
Radius: 2,Radius: 3,Pearson_R,MDR1,random,NumBits: 1024,0.7250709626229404,ttest_rel
Radius: 2,Radius: 3,Pearson_R,MDR1,random,NumBits: 1024,0.7343252914391281,wilcoxon
Radius: 2,Radius: 3,Pearson_R,MDR1,random,NumBits: 1024,0.9311817288693457,ttest_ind
Radius: 2,Radius: 3,Pearson_R,MDR1,random,NumBits: 1024,0.9882041649400981,ranksums
Radius: 2,Radius: 3,MAE,MDR1,random,NumBits: 1024,0.0911749321585699,ttest_rel
Radius: 2,Radius: 3,MAE,MDR1,random,NumBits: 1024,0.07864666027410346,wilcoxon
Radius: 2,Radius: 3,MAE,MDR1,random,NumBits: 1024,0.6559300443969969,ttest_ind
Radius: 2,Radius: 3,MAE,MDR1,random,NumBits: 1024,0.7449863001756435,ranksums
Radius: 2,Radius: 3,RMSE,CYP2D6,random,NumBits: 1024,2.4833186069045697e-06,ttest_rel
Radius: 2,Radius: 3,RMSE,CYP2D6,random,NumBits: 1024,4.0715116266282543e-05,wilcoxon
Radius: 2,Radius: 3,RMSE,CYP2D6,random,NumBits: 1024,0.26393998235663874,ttest_ind
Radius: 2,Radius: 3,RMSE,CYP2D6,random,NumBits: 1024,0.2804704772772293,ranksums
Radius: 2,Radius: 3,R2,CYP2D6,random,NumBits: 1024,1.5560998399046117e-06,ttest_rel
Radius: 2,Radius: 3,R2,CYP2D6,random,NumBits: 1024,4.0715116266282543e-05,wilcoxon
Radius: 2,Radius: 3,R2,CYP2D6,random,NumBits: 1024,0.1707722056604542,ttest_ind
Radius: 2,Radius: 3,R2,CYP2D6,random,NumBits: 1024,0.173777038979135,ranksums
Radius: 2,Radius: 3,Pearson_R,CYP2D6,random,NumBits: 1024,8.640010424070172e-06,ttest_rel
Radius: 2,Radius: 3,Pearson_R,CYP2D6,random,NumBits: 1024,7.513662254944795e-05,wilcoxon
Radius: 2,Radius: 3,Pearson_R,CYP2D6,random,NumBits: 1024,0.2557574110127548,ttest_ind
Radius: 2,Radius: 3,Pearson_R,CYP2D6,random,NumBits: 1024,0.32917742467820843,ranksums
Radius: 2,Radius: 3,MAE,CYP2D6,random,NumBits: 1024,1.1715627376070354e-06,ttest_rel
Radius: 2,Radius: 3,MAE,CYP2D6,random,NumBits: 1024,4.0715116266282543e-05,wilcoxon
Radius: 2,Radius: 3,MAE,CYP2D6,random,NumBits: 1024,0.12342913607389372,ttest_ind
Radius: 2,Radius: 3,MAE,CYP2D6,random,NumBits: 1024,0.15581016161085134,ranksums
Radius: 2,Radius: 3,RMSE,CYP3A4,random,NumBits: 1024,3.8082974486230724e-09,ttest_rel
Radius: 2,Radius: 3,RMSE,CYP3A4,random,NumBits: 1024,2.603328389538926e-06,wilcoxon
Radius: 2,Radius: 3,RMSE,CYP3A4,random,NumBits: 1024,0.14867339744707692,ttest_ind
Radius: 2,Radius: 3,RMSE,CYP3A4,random,NumBits: 1024,0.1646090619494487,ranksums
Radius: 2,Radius: 3,R2,CYP3A4,random,NumBits: 1024,3.5947864694486907e-09,ttest_rel
Radius: 2,Radius: 3,R2,CYP3A4,random,NumBits: 1024,2.603328389538926e-06,wilcoxon
Radius: 2,Radius: 3,R2,CYP3A4,random,NumBits: 1024,0.09921420779820436,ttest_ind
Radius: 2,Radius: 3,R2,CYP3A4,random,NumBits: 1024,0.10078263179832223,ranksums
Radius: 2,Radius: 3,Pearson_R,CYP3A4,random,NumBits: 1024,4.267933770410341e-08,ttest_rel
Radius: 2,Radius: 3,Pearson_R,CYP3A4,random,NumBits: 1024,3.882182386060857e-06,wilcoxon
Radius: 2,Radius: 3,Pearson_R,CYP3A4,random,NumBits: 1024,0.13976624369560872,ttest_ind
Radius: 2,Radius: 3,Pearson_R,CYP3A4,random,NumBits: 1024,0.1241512810914928,ranksums
Radius: 2,Radius: 3,MAE,CYP3A4,random,NumBits: 1024,1.1328802005184729e-11,ttest_rel
Radius: 2,Radius: 3,MAE,CYP3A4,random,NumBits: 1024,1.9209211049031396e-06,wilcoxon
Radius: 2,Radius: 3,MAE,CYP3A4,random,NumBits: 1024,0.007995099538149902,ttest_ind
Radius: 2,Radius: 3,MAE,CYP3A4,random,NumBits: 1024,0.012469625319240047,ranksums
Radius: 2,Radius: 3,RMSE,MOR,random,NumBits: 1024,0.34043317277222107,ttest_rel
Radius: 2,Radius: 3,RMSE,MOR,random,NumBits: 1024,0.7188875621362669,wilcoxon
Radius: 2,Radius: 3,RMSE,MOR,random,NumBits: 1024,0.6955012062245354,ttest_ind
Radius: 2,Radius: 3,RMSE,MOR,random,NumBits: 1024,0.49645154752910825,ranksums
Radius: 2,Radius: 3,R2,MOR,random,NumBits: 1024,0.3540717711561501,ttest_rel
Radius: 2,Radius: 3,R2,MOR,random,NumBits: 1024,0.6883592982254604,wilcoxon
Radius: 2,Radius: 3,R2,MOR,random,NumBits: 1024,0.6739014507562895,ttest_ind
Radius: 2,Radius: 3,R2,MOR,random,NumBits: 1024,0.6256305639654389,ranksums
Radius: 2,Radius: 3,Pearson_R,MOR,random,NumBits: 1024,0.4553859743926393,ttest_rel
Radius: 2,Radius: 3,Pearson_R,MOR,random,NumBits: 1024,0.7970983030067952,wilcoxon
Radius: 2,Radius: 3,Pearson_R,MOR,random,NumBits: 1024,0.7335863090091732,ttest_ind
Radius: 2,Radius: 3,Pearson_R,MOR,random,NumBits: 1024,0.72271979157106,ranksums
Radius: 2,Radius: 3,MAE,MOR,random,NumBits: 1024,0.004455751725403893,ttest_rel
Radius: 2,Radius: 3,MAE,MOR,random,NumBits: 1024,0.007271049691046206,wilcoxon
Radius: 2,Radius: 3,MAE,MOR,random,NumBits: 1024,0.2732566876030823,ttest_ind
Radius: 2,Radius: 3,MAE,MOR,random,NumBits: 1024,0.27393415445229274,ranksums
Radius: 2,Radius: 3,RMSE,DOR,random,NumBits: 1024,0.7530863241584882,ttest_rel
Radius: 2,Radius: 3,RMSE,DOR,random,NumBits: 1024,0.9753871641763363,wilcoxon
Radius: 2,Radius: 3,RMSE,DOR,random,NumBits: 1024,0.9281232350429367,ttest_ind
Radius: 2,Radius: 3,RMSE,DOR,random,NumBits: 1024,0.9058494458660942,ranksums
Radius: 2,Radius: 3,R2,DOR,random,NumBits: 1024,0.8567658010329593,ttest_rel
Radius: 2,Radius: 3,R2,DOR,random,NumBits: 1024,0.9917945644340904,wilcoxon
Radius: 2,Radius: 3,R2,DOR,random,NumBits: 1024,0.9562573967113174,ttest_ind
Radius: 2,Radius: 3,R2,DOR,random,NumBits: 1024,0.9528424295801989,ranksums
Radius: 2,Radius: 3,Pearson_R,DOR,random,NumBits: 1024,0.7770356427697243,ttest_rel
Radius: 2,Radius: 3,Pearson_R,DOR,random,NumBits: 1024,0.7343252914391281,wilcoxon
Radius: 2,Radius: 3,Pearson_R,DOR,random,NumBits: 1024,0.9319332074845127,ttest_ind
Radius: 2,Radius: 3,Pearson_R,DOR,random,NumBits: 1024,0.9058494458660942,ranksums
Radius: 2,Radius: 3,MAE,DOR,random,NumBits: 1024,0.9122924184197132,ttest_rel
Radius: 2,Radius: 3,MAE,DOR,random,NumBits: 1024,0.6732798065233047,wilcoxon
Radius: 2,Radius: 3,MAE,DOR,random,NumBits: 1024,0.9744652457931082,ttest_ind
Radius: 2,Radius: 3,MAE,DOR,random,NumBits: 1024,0.8708108045360416,ranksums
Radius: 2,Radius: 3,RMSE,KOR,random,NumBits: 1024,0.010620259498931424,ttest_rel
Radius: 2,Radius: 3,RMSE,KOR,random,NumBits: 1024,0.008216736457590426,wilcoxon
Radius: 2,Radius: 3,RMSE,KOR,random,NumBits: 1024,0.3806188428834131,ttest_ind
Radius: 2,Radius: 3,RMSE,KOR,random,NumBits: 1024,0.38305504584585626,ranksums
Radius: 2,Radius: 3,R2,KOR,random,NumBits: 1024,0.011941676608355522,ttest_rel
Radius: 2,Radius: 3,R2,KOR,random,NumBits: 1024,0.006835856425301226,wilcoxon
Radius: 2,Radius: 3,R2,KOR,random,NumBits: 1024,0.5043799161142949,ttest_ind
Radius: 2,Radius: 3,R2,KOR,random,NumBits: 1024,0.39938939501369475,ranksums
Radius: 2,Radius: 3,Pearson_R,KOR,random,NumBits: 1024,0.03691589610965876,ttest_rel
Radius: 2,Radius: 3,Pearson_R,KOR,random,NumBits: 1024,0.028485956184747342,wilcoxon
Radius: 2,Radius: 3,Pearson_R,KOR,random,NumBits: 1024,0.5760396959262599,ttest_ind
Radius: 2,Radius: 3,Pearson_R,KOR,random,NumBits: 1024,0.5346352407039292,ranksums
Radius: 2,Radius: 3,MAE,KOR,random,NumBits: 1024,9.983134014083554e-05,ttest_rel
Radius: 2,Radius: 3,MAE,KOR,random,NumBits: 1024,0.000489690070533264,wilcoxon
Radius: 2,Radius: 3,MAE,KOR,random,NumBits: 1024,0.07107896339534191,ttest_ind
Radius: 2,Radius: 3,MAE,KOR,random,NumBits: 1024,0.08366998691712503,ranksums
Radius: 2,Radius: 3,RMSE,MDR1,scaffold,NumBits: 2048,0.49519205726287674,ttest_rel
Radius: 2,Radius: 3,RMSE,MDR1,scaffold,NumBits: 2048,0.5716457836721114,wilcoxon
Radius: 2,Radius: 3,RMSE,MDR1,scaffold,NumBits: 2048,0.8183660634165334,ttest_ind
Radius: 2,Radius: 3,RMSE,MDR1,scaffold,NumBits: 2048,0.9646228051136889,ranksums
Radius: 2,Radius: 3,R2,MDR1,scaffold,NumBits: 2048,0.6192996425930963,ttest_rel
Radius: 2,Radius: 3,R2,MDR1,scaffold,NumBits: 2048,0.8612125197358381,wilcoxon
Radius: 2,Radius: 3,R2,MDR1,scaffold,NumBits: 2048,0.9112210168886274,ttest_ind
Radius: 2,Radius: 3,R2,MDR1,scaffold,NumBits: 2048,0.8941460645782624,ranksums
Radius: 2,Radius: 3,Pearson_R,MDR1,scaffold,NumBits: 2048,0.6851672888908653,ttest_rel
Radius: 2,Radius: 3,Pearson_R,MDR1,scaffold,NumBits: 2048,0.7655192919016102,wilcoxon
Radius: 2,Radius: 3,Pearson_R,MDR1,scaffold,NumBits: 2048,0.9312708501563998,ttest_ind
Radius: 2,Radius: 3,Pearson_R,MDR1,scaffold,NumBits: 2048,1.0,ranksums
Radius: 2,Radius: 3,MAE,MDR1,scaffold,NumBits: 2048,0.2313001418746688,ttest_rel
Radius: 2,Radius: 3,MAE,MDR1,scaffold,NumBits: 2048,0.38203416302245696,wilcoxon
Radius: 2,Radius: 3,MAE,MDR1,scaffold,NumBits: 2048,0.7005271546032508,ttest_ind
Radius: 2,Radius: 3,MAE,MDR1,scaffold,NumBits: 2048,0.8360239504893114,ranksums
Radius: 2,Radius: 3,RMSE,CYP2D6,scaffold,NumBits: 2048,0.07183624551806747,ttest_rel
Radius: 2,Radius: 3,RMSE,CYP2D6,scaffold,NumBits: 2048,0.1020106952499886,wilcoxon
Radius: 2,Radius: 3,RMSE,CYP2D6,scaffold,NumBits: 2048,0.7501836162515539,ttest_ind
Radius: 2,Radius: 3,RMSE,CYP2D6,scaffold,NumBits: 2048,0.8130052876119973,ranksums
Radius: 2,Radius: 3,R2,CYP2D6,scaffold,NumBits: 2048,0.09093880394547123,ttest_rel
Radius: 2,Radius: 3,R2,CYP2D6,scaffold,NumBits: 2048,0.12044472790832522,wilcoxon
Radius: 2,Radius: 3,R2,CYP2D6,scaffold,NumBits: 2048,0.5576706624649536,ttest_ind
Radius: 2,Radius: 3,R2,CYP2D6,scaffold,NumBits: 2048,0.5153597975802848,ranksums
Radius: 2,Radius: 3,Pearson_R,CYP2D6,scaffold,NumBits: 2048,0.22395061270245106,ttest_rel
Radius: 2,Radius: 3,Pearson_R,CYP2D6,scaffold,NumBits: 2048,0.2802144081140372,wilcoxon
Radius: 2,Radius: 3,Pearson_R,CYP2D6,scaffold,NumBits: 2048,0.6788861896657667,ttest_ind
Radius: 2,Radius: 3,Pearson_R,CYP2D6,scaffold,NumBits: 2048,0.5444075540129325,ranksums
Radius: 2,Radius: 3,MAE,CYP2D6,scaffold,NumBits: 2048,0.050985992601121674,ttest_rel
Radius: 2,Radius: 3,MAE,CYP2D6,scaffold,NumBits: 2048,0.07190333008390941,wilcoxon
Radius: 2,Radius: 3,MAE,CYP2D6,scaffold,NumBits: 2048,0.6211630649659843,ttest_ind
Radius: 2,Radius: 3,MAE,CYP2D6,scaffold,NumBits: 2048,0.5542678363243182,ranksums
Radius: 2,Radius: 3,RMSE,CYP3A4,scaffold,NumBits: 2048,0.5869359566513868,ttest_rel
Radius: 2,Radius: 3,RMSE,CYP3A4,scaffold,NumBits: 2048,0.14138951131633032,wilcoxon
Radius: 2,Radius: 3,RMSE,CYP3A4,scaffold,NumBits: 2048,0.9272401252247858,ttest_ind
Radius: 2,Radius: 3,RMSE,CYP3A4,scaffold,NumBits: 2048,0.8244957516547711,ranksums
Radius: 2,Radius: 3,R2,CYP3A4,scaffold,NumBits: 2048,0.8316761174587757,ttest_rel
Radius: 2,Radius: 3,R2,CYP3A4,scaffold,NumBits: 2048,0.17137638877502248,wilcoxon
Radius: 2,Radius: 3,R2,CYP3A4,scaffold,NumBits: 2048,0.9601771772421244,ttest_ind
Radius: 2,Radius: 3,R2,CYP3A4,scaffold,NumBits: 2048,0.7674679739607242,ranksums
Radius: 2,Radius: 3,Pearson_R,CYP3A4,scaffold,NumBits: 2048,0.45961482734948933,ttest_rel
Radius: 2,Radius: 3,Pearson_R,CYP3A4,scaffold,NumBits: 2048,0.24519030932096386,wilcoxon
Radius: 2,Radius: 3,Pearson_R,CYP3A4,scaffold,NumBits: 2048,0.8906142463751916,ttest_ind
Radius: 2,Radius: 3,Pearson_R,CYP3A4,scaffold,NumBits: 2048,0.7116726254873127,ranksums
Radius: 2,Radius: 3,MAE,CYP3A4,scaffold,NumBits: 2048,0.07087595592256221,ttest_rel
Radius: 2,Radius: 3,MAE,CYP3A4,scaffold,NumBits: 2048,0.06871363079688197,wilcoxon
Radius: 2,Radius: 3,MAE,CYP3A4,scaffold,NumBits: 2048,0.7994903954297066,ttest_ind
Radius: 2,Radius: 3,MAE,CYP3A4,scaffold,NumBits: 2048,0.7338250612126413,ranksums
Radius: 2,Radius: 3,RMSE,MOR,scaffold,NumBits: 2048,0.15351051542000427,ttest_rel
Radius: 2,Radius: 3,RMSE,MOR,scaffold,NumBits: 2048,0.0977721901049929,wilcoxon
Radius: 2,Radius: 3,RMSE,MOR,scaffold,NumBits: 2048,0.7967437782735115,ttest_ind
Radius: 2,Radius: 3,RMSE,MOR,scaffold,NumBits: 2048,0.5843624220907104,ranksums
Radius: 2,Radius: 3,R2,MOR,scaffold,NumBits: 2048,0.23688219668317795,ttest_rel
Radius: 2,Radius: 3,R2,MOR,scaffold,NumBits: 2048,0.12543823902980825,wilcoxon
Radius: 2,Radius: 3,R2,MOR,scaffold,NumBits: 2048,0.8086253779987251,ttest_ind
Radius: 2,Radius: 3,R2,MOR,scaffold,NumBits: 2048,0.7006856607005523,ranksums
Radius: 2,Radius: 3,Pearson_R,MOR,scaffold,NumBits: 2048,0.12120768400113613,ttest_rel
Radius: 2,Radius: 3,Pearson_R,MOR,scaffold,NumBits: 2048,0.12543823902980825,wilcoxon
Radius: 2,Radius: 3,Pearson_R,MOR,scaffold,NumBits: 2048,0.7702360865690617,ttest_ind
Radius: 2,Radius: 3,Pearson_R,MOR,scaffold,NumBits: 2048,0.6151959787448548,ranksums
Radius: 2,Radius: 3,MAE,MOR,scaffold,NumBits: 2048,0.02509083459057643,ttest_rel
Radius: 2,Radius: 3,MAE,MOR,scaffold,NumBits: 2048,0.025637124030657623,wilcoxon
Radius: 2,Radius: 3,MAE,MOR,scaffold,NumBits: 2048,0.7008045753829284,ttest_ind
Radius: 2,Radius: 3,MAE,MOR,scaffold,NumBits: 2048,0.6681063796183101,ranksums
Radius: 2,Radius: 3,RMSE,DOR,scaffold,NumBits: 2048,0.6377631227745681,ttest_rel
Radius: 2,Radius: 3,RMSE,DOR,scaffold,NumBits: 2048,0.6143145637885868,wilcoxon
Radius: 2,Radius: 3,RMSE,DOR,scaffold,NumBits: 2048,0.8913275699547237,ttest_ind
Radius: 2,Radius: 3,RMSE,DOR,scaffold,NumBits: 2048,0.6897609572758945,ranksums
Radius: 2,Radius: 3,R2,DOR,scaffold,NumBits: 2048,0.5661720703400525,ttest_rel
Radius: 2,Radius: 3,R2,DOR,scaffold,NumBits: 2048,0.517047890994101,wilcoxon
Radius: 2,Radius: 3,R2,DOR,scaffold,NumBits: 2048,0.8617982201828687,ttest_ind
Radius: 2,Radius: 3,R2,DOR,scaffold,NumBits: 2048,0.6361406857702461,ranksums
Radius: 2,Radius: 3,Pearson_R,DOR,scaffold,NumBits: 2048,0.7449382903341975,ttest_rel
Radius: 2,Radius: 3,Pearson_R,DOR,scaffold,NumBits: 2048,0.7188875621362669,wilcoxon
Radius: 2,Radius: 3,Pearson_R,DOR,scaffold,NumBits: 2048,0.9235468830550019,ttest_ind
Radius: 2,Radius: 3,Pearson_R,DOR,scaffold,NumBits: 2048,0.7006856607005523,ranksums
Radius: 2,Radius: 3,MAE,DOR,scaffold,NumBits: 2048,0.6832648215360985,ttest_rel
Radius: 2,Radius: 3,MAE,DOR,scaffold,NumBits: 2048,0.4528065046691958,wilcoxon
Radius: 2,Radius: 3,MAE,DOR,scaffold,NumBits: 2048,0.9304297637157563,ttest_ind
Radius: 2,Radius: 3,MAE,DOR,scaffold,NumBits: 2048,0.8130052876119973,ranksums
Radius: 2,Radius: 3,RMSE,KOR,scaffold,NumBits: 2048,0.0021574736506175854,ttest_rel
Radius: 2,Radius: 3,RMSE,KOR,scaffold,NumBits: 2048,0.0027652741969916386,wilcoxon
Radius: 2,Radius: 3,RMSE,KOR,scaffold,NumBits: 2048,0.4877031161910511,ttest_ind
Radius: 2,Radius: 3,RMSE,KOR,scaffold,NumBits: 2048,0.5346352407039292,ranksums
Radius: 2,Radius: 3,R2,KOR,scaffold,NumBits: 2048,0.002089009258332389,ttest_rel
Radius: 2,Radius: 3,R2,KOR,scaffold,NumBits: 2048,0.002584559206552009,wilcoxon
Radius: 2,Radius: 3,R2,KOR,scaffold,NumBits: 2048,0.44450525099754123,ttest_ind
Radius: 2,Radius: 3,R2,KOR,scaffold,NumBits: 2048,0.564214705145786,ranksums
Radius: 2,Radius: 3,Pearson_R,KOR,scaffold,NumBits: 2048,0.0019515195036158258,ttest_rel
Radius: 2,Radius: 3,Pearson_R,KOR,scaffold,NumBits: 2048,0.0024147041360347552,wilcoxon
Radius: 2,Radius: 3,Pearson_R,KOR,scaffold,NumBits: 2048,0.43130984471734957,ttest_ind
Radius: 2,Radius: 3,Pearson_R,KOR,scaffold,NumBits: 2048,0.49645154752910825,ranksums
Radius: 2,Radius: 3,MAE,KOR,scaffold,NumBits: 2048,2.178204664729619e-05,ttest_rel
Radius: 2,Radius: 3,MAE,KOR,scaffold,NumBits: 2048,7.513662254944795e-05,wilcoxon
Radius: 2,Radius: 3,MAE,KOR,scaffold,NumBits: 2048,0.36583365166965276,ttest_ind
Radius: 2,Radius: 3,MAE,KOR,scaffold,NumBits: 2048,0.32190218598612863,ranksums
Radius: 2,Radius: 3,RMSE,MDR1,random,NumBits: 2048,0.03336961808440023,ttest_rel
Radius: 2,Radius: 3,RMSE,MDR1,random,NumBits: 2048,0.0005287248371505039,wilcoxon
Radius: 2,Radius: 3,RMSE,MDR1,random,NumBits: 2048,0.46308574646930456,ttest_ind
Radius: 2,Radius: 3,RMSE,MDR1,random,NumBits: 2048,0.48713803171001935,ranksums
Radius: 2,Radius: 3,R2,MDR1,random,NumBits: 2048,0.026661845248269152,ttest_rel
Radius: 2,Radius: 3,R2,MDR1,random,NumBits: 2048,0.0005287248371505039,wilcoxon
Radius: 2,Radius: 3,R2,MDR1,random,NumBits: 2048,0.5324116950272026,ttest_ind
Radius: 2,Radius: 3,R2,MDR1,random,NumBits: 2048,0.5153597975802848,ranksums
Radius: 2,Radius: 3,Pearson_R,MDR1,random,NumBits: 2048,0.017700827301404758,ttest_rel
Radius: 2,Radius: 3,Pearson_R,MDR1,random,NumBits: 2048,0.0006156406207014214,wilcoxon
Radius: 2,Radius: 3,Pearson_R,MDR1,random,NumBits: 2048,0.4714945025317854,ttest_ind
Radius: 2,Radius: 3,Pearson_R,MDR1,random,NumBits: 2048,0.5444075540129325,ranksums
Radius: 2,Radius: 3,MAE,MDR1,random,NumBits: 2048,0.0013965404600107597,ttest_rel
Radius: 2,Radius: 3,MAE,MDR1,random,NumBits: 2048,0.0014839276312951777,wilcoxon
Radius: 2,Radius: 3,MAE,MDR1,random,NumBits: 2048,0.33504976433440037,ttest_ind
Radius: 2,Radius: 3,MAE,MDR1,random,NumBits: 2048,0.28711193012328706,ranksums
Radius: 2,Radius: 3,RMSE,CYP2D6,random,NumBits: 2048,0.04087044576574104,ttest_rel
Radius: 2,Radius: 3,RMSE,CYP2D6,random,NumBits: 2048,0.049498046027749744,wilcoxon
Radius: 2,Radius: 3,RMSE,CYP2D6,random,NumBits: 2048,0.6407111968928765,ttest_ind
Radius: 2,Radius: 3,RMSE,CYP2D6,random,NumBits: 2048,0.5249522282756667,ranksums
Radius: 2,Radius: 3,R2,CYP2D6,random,NumBits: 2048,0.03967969909260267,ttest_rel
Radius: 2,Radius: 3,R2,CYP2D6,random,NumBits: 2048,0.0368261284160903,wilcoxon
Radius: 2,Radius: 3,R2,CYP2D6,random,NumBits: 2048,0.5786021202618161,ttest_ind
Radius: 2,Radius: 3,R2,CYP2D6,random,NumBits: 2048,0.5058591780795985,ranksums
Radius: 2,Radius: 3,Pearson_R,CYP2D6,random,NumBits: 2048,0.09778874467868225,ttest_rel
Radius: 2,Radius: 3,Pearson_R,CYP2D6,random,NumBits: 2048,0.07864666027410346,wilcoxon
Radius: 2,Radius: 3,Pearson_R,CYP2D6,random,NumBits: 2048,0.6632760136369005,ttest_ind
Radius: 2,Radius: 3,Pearson_R,CYP2D6,random,NumBits: 2048,0.6256305639654389,ranksums
Radius: 2,Radius: 3,MAE,CYP2D6,random,NumBits: 2048,0.051954089228077635,ttest_rel
Radius: 2,Radius: 3,MAE,CYP2D6,random,NumBits: 2048,0.051930665029697155,wilcoxon
Radius: 2,Radius: 3,MAE,CYP2D6,random,NumBits: 2048,0.576206988611041,ttest_ind
Radius: 2,Radius: 3,MAE,CYP2D6,random,NumBits: 2048,0.5153597975802848,ranksums
Radius: 2,Radius: 3,RMSE,CYP3A4,random,NumBits: 2048,0.00014904759944755282,ttest_rel
Radius: 2,Radius: 3,RMSE,CYP3A4,random,NumBits: 2048,0.0002830789435165413,wilcoxon
Radius: 2,Radius: 3,RMSE,CYP3A4,random,NumBits: 2048,0.43105052931053267,ttest_ind
Radius: 2,Radius: 3,RMSE,CYP3A4,random,NumBits: 2048,0.38305504584585626,ranksums
Radius: 2,Radius: 3,R2,CYP3A4,random,NumBits: 2048,0.00016780986811508027,ttest_rel
Radius: 2,Radius: 3,R2,CYP3A4,random,NumBits: 2048,0.00026134309226671514,wilcoxon
Radius: 2,Radius: 3,R2,CYP3A4,random,NumBits: 2048,0.37827598532924755,ttest_ind
Radius: 2,Radius: 3,R2,CYP3A4,random,NumBits: 2048,0.3365583763946506,ranksums
Radius: 2,Radius: 3,Pearson_R,CYP3A4,random,NumBits: 2048,0.00047160553346199164,ttest_rel
Radius: 2,Radius: 3,Pearson_R,CYP3A4,random,NumBits: 2048,0.000715703384624892,wilcoxon
Radius: 2,Radius: 3,Pearson_R,CYP3A4,random,NumBits: 2048,0.41565235246976007,ttest_ind
Radius: 2,Radius: 3,Pearson_R,CYP3A4,random,NumBits: 2048,0.4246622046508918,ranksums
Radius: 2,Radius: 3,MAE,CYP3A4,random,NumBits: 2048,2.3861939212410657e-08,ttest_rel
Radius: 2,Radius: 3,MAE,CYP3A4,random,NumBits: 2048,5.751653269401829e-06,wilcoxon
Radius: 2,Radius: 3,MAE,CYP3A4,random,NumBits: 2048,0.08943167836644003,ttest_ind
Radius: 2,Radius: 3,MAE,CYP3A4,random,NumBits: 2048,0.07362842906528969,ranksums
Radius: 2,Radius: 3,RMSE,MOR,random,NumBits: 2048,0.18461964629870145,ttest_rel
Radius: 2,Radius: 3,RMSE,MOR,random,NumBits: 2048,0.30861485052601767,wilcoxon
Radius: 2,Radius: 3,RMSE,MOR,random,NumBits: 2048,0.6964841010013123,ttest_ind
Radius: 2,Radius: 3,RMSE,MOR,random,NumBits: 2048,0.4246622046508918,ranksums
Radius: 2,Radius: 3,R2,MOR,random,NumBits: 2048,0.18858589163867012,ttest_rel
Radius: 2,Radius: 3,R2,MOR,random,NumBits: 2048,0.29894375201959067,wilcoxon
Radius: 2,Radius: 3,R2,MOR,random,NumBits: 2048,0.6746062577603908,ttest_ind
Radius: 2,Radius: 3,R2,MOR,random,NumBits: 2048,0.6681063796183101,ranksums
Radius: 2,Radius: 3,Pearson_R,MOR,random,NumBits: 2048,0.19787256066376116,ttest_rel
Radius: 2,Radius: 3,Pearson_R,MOR,random,NumBits: 2048,0.29894375201959067,wilcoxon
Radius: 2,Radius: 3,Pearson_R,MOR,random,NumBits: 2048,0.6742237331182444,ttest_ind
Radius: 2,Radius: 3,Pearson_R,MOR,random,NumBits: 2048,0.604838651327524,ranksums
Radius: 2,Radius: 3,MAE,MOR,random,NumBits: 2048,0.058855033558480103,ttest_rel
Radius: 2,Radius: 3,MAE,MOR,random,NumBits: 2048,0.0858958258699641,wilcoxon
Radius: 2,Radius: 3,MAE,MOR,random,NumBits: 2048,0.5896022332931791,ttest_ind
Radius: 2,Radius: 3,MAE,MOR,random,NumBits: 2048,0.5444075540129325,ranksums
Radius: 2,Radius: 3,RMSE,DOR,random,NumBits: 2048,0.5795039098666668,ttest_rel
Radius: 2,Radius: 3,RMSE,DOR,random,NumBits: 2048,0.9262550873076122,wilcoxon
Radius: 2,Radius: 3,RMSE,DOR,random,NumBits: 2048,0.8559923090765211,ttest_ind
Radius: 2,Radius: 3,RMSE,DOR,random,NumBits: 2048,1.0,ranksums
Radius: 2,Radius: 3,R2,DOR,random,NumBits: 2048,0.6231097391783358,ttest_rel
Radius: 2,Radius: 3,R2,DOR,random,NumBits: 2048,0.9262550873076122,wilcoxon
Radius: 2,Radius: 3,R2,DOR,random,NumBits: 2048,0.8636525416981409,ttest_ind
Radius: 2,Radius: 3,R2,DOR,random,NumBits: 2048,0.9882041649400981,ranksums
Radius: 2,Radius: 3,Pearson_R,DOR,random,NumBits: 2048,0.7934080888571805,ttest_rel
Radius: 2,Radius: 3,Pearson_R,DOR,random,NumBits: 2048,0.7498711559507313,wilcoxon
Radius: 2,Radius: 3,Pearson_R,DOR,random,NumBits: 2048,0.9282245322800111,ttest_ind
Radius: 2,Radius: 3,Pearson_R,DOR,random,NumBits: 2048,0.9528424295801989,ranksums
Radius: 2,Radius: 3,MAE,DOR,random,NumBits: 2048,0.8382407027476249,ttest_rel
Radius: 2,Radius: 3,MAE,DOR,random,NumBits: 2048,0.7812637101499429,wilcoxon
Radius: 2,Radius: 3,MAE,DOR,random,NumBits: 2048,0.9524294151370236,ttest_ind
Radius: 2,Radius: 3,MAE,DOR,random,NumBits: 2048,0.9882041649400981,ranksums
Radius: 2,Radius: 3,RMSE,KOR,random,NumBits: 2048,0.017964955005388406,ttest_rel
Radius: 2,Radius: 3,RMSE,KOR,random,NumBits: 2048,0.02067111356691231,wilcoxon
Radius: 2,Radius: 3,RMSE,KOR,random,NumBits: 2048,0.5404591938916862,ttest_ind
Radius: 2,Radius: 3,RMSE,KOR,random,NumBits: 2048,0.5346352407039292,ranksums
Radius: 2,Radius: 3,R2,KOR,random,NumBits: 2048,0.018617861059614584,ttest_rel
Radius: 2,Radius: 3,R2,KOR,random,NumBits: 2048,0.019569215233846395,wilcoxon
Radius: 2,Radius: 3,R2,KOR,random,NumBits: 2048,0.6423758076099189,ttest_ind
Radius: 2,Radius: 3,R2,KOR,random,NumBits: 2048,0.6151959787448548,ranksums
Radius: 2,Radius: 3,Pearson_R,KOR,random,NumBits: 2048,0.03702795192140686,ttest_rel
Radius: 2,Radius: 3,Pearson_R,KOR,random,NumBits: 2048,0.03326889706740501,wilcoxon
Radius: 2,Radius: 3,Pearson_R,KOR,random,NumBits: 2048,0.6787207177617953,ttest_ind
Radius: 2,Radius: 3,Pearson_R,KOR,random,NumBits: 2048,0.6681063796183101,ranksums
Radius: 2,Radius: 3,MAE,KOR,random,NumBits: 2048,0.0016766205009110823,ttest_rel
Radius: 2,Radius: 3,MAE,KOR,random,NumBits: 2048,0.0041140307793227126,wilcoxon
Radius: 2,Radius: 3,MAE,KOR,random,NumBits: 2048,0.320469038665297,ttest_ind
Radius: 2,Radius: 3,MAE,KOR,random,NumBits: 2048,0.4246622046508918,ranksums
